epoch,loss,val_loss,val_accuracy,val_auc
1,0.4369665934122168,0.34032967848082385,0.8791666666666667,0.9457142857142857
