epoch,loss,val_accuracy,val_auc
1,1.056309018532435,0.4375,0.8032241011231364
